,,,,,,
,0.2,0.1,0.2,tapC,,
,0,0.1,38.1,tapC,,
,9.8,1.6,85.2,tapC,,
,12.7,1.6,141.9,tapC,,
,13.5,1.6,209.3,tapC,,
,13.5,1.6,303.3,tapC,,
,13.5,1.6,399.1,tapC,,
,13.5,1.5,455.9,tapC,,
,13.5,1.5,455.7,tapC,,
,13.5,1.7,455.7,tapC,,
,13.5,2.5,455.7,tapC,,
,14.1,3.5,417.8,tapC,,
,5.9,2.5,370.7,tapC,,
,3.7,2.5,314,tapC,,
,3.1,2.5,246.6,tapC,,
,3.1,2.5,152.6,tapC,,
,3.1,2.5,56.8,tapC,,
,3.1,2.5,0,tapC,,
,3.1,2.5,28.5,tapC,,
,3.1,4.4,122.8,tapC,,
,3.1,4.1,188.1,tapC,,
,2.5,3.1,251.5,tapC,,
,0.9,2.6,349.6,tapC,,
,0.2,2.6,437.2,tapC,,
,0,2.6,499.1,tapC,,
,0,2.6,513.7,tapC,,
,0.2,2.6,513.7,tapC,,
,0.2,3.1,513.7,tapC,,
,0.4,3.7,485.2,tapC,,
,0.9,2,390.9,tapC,,
,2.2,1.9,325.6,tapC,,
,3.1,2,262.2,tapC,,
,4.4,2.1,164.1,tapC,,
,4.5,2.1,76.5,tapC,,
,4.5,2.1,14.6,tapC,,
,4.5,2.1,37.9,tapC,,
,4.3,2.9,135.3,tapC,,
,4.3,2.4,212.6,tapC,,
,4.1,1.8,283.4,tapC,,
,3.6,1.4,376.5,tapC,,
,2.3,1,476.2,tapC,,
,1.4,0.9,547.6,tapC,,
,0.1,0.8,570.3,tapC,,
,0,0.8,570.3,tapC,,
,0,0.8,570.3,tapC,,
,0,1.4,532.4,tapC,,
,0.7,1.5,435,tapC,,
,2.4,2.2,357.7,tapC,,
,3.1,2.2,286.9,tapC,,
,3.8,3.1,193.8,tapC,,
,3.8,3.1,94.1,tapC,,
,3.8,3.1,22.7,tapC,,
,3.8,4.7,98.7,tapC,,
,3.8,4.7,187.3,tapC,,
,3.8,4.7,267.6,tapC,,
,3.8,4.1,369.9,tapC,,
,3.1,3.2,472.2,tapC,,
,1.4,2.5,562.1,tapC,,
,0.7,2.5,605,tapC,,
,0,1.6,605,tapC,,
,0,1.6,605,tapC,,
,0,2.6,605,tapC,,
,0.5,2.3,506.3,tapC,,
,1.3,3.1,417.7,tapC,,
,2.7,3.1,337.4,tapC,,
,3,3.1,235.1,tapC,,
,3,3.1,132.8,tapC,,
,3,3.2,42.9,tapC,,
,3.1,3.2,0,tapC,,
,3.1,3.2,0,tapC,,
,14.4,7.5,99,tapC,,
,18.4,6.5,175.8,tapC,,
,19.7,5.2,239.1,tapC,,
,19.5,4.4,340.7,tapC,,
,18.1,4.4,443,tapC,,
,18.1,4.4,537.9,tapC,,
,18.4,4.4,585,tapC,,
,18.4,4.3,585,tapC,,
,18.3,4.7,585,tapC,,
,18.5,5.9,585,tapC,,
,8.1,3.1,486,tapC,,
,4.7,3.1,409.2,tapC,,
,3,3.1,345.9,tapC,,
,2.5,3.1,244.3,tapC,,
,2.5,3.1,142,tapC,,
,2.2,3.2,47.1,tapC,,
,2,3.2,0,tapC,,
,2,6.1,102.3,tapC,,
,7.9,5.7,188,tapC,,
,11.1,4.5,255.4,tapC,,
,11.4,3,354.8,tapC,,
,10.9,3,456.7,tapC,,
,10.8,3,529.6,tapC,,
,10.8,3,563.4,tapC,,
,10.8,3,563.4,tapC,,
,10.8,2.9,563.4,tapC,,
,10.8,3.5,563.4,tapC,,
,11.4,1.8,461.1,tapC,,
,6.7,1.8,375.4,tapC,,
,4.2,1.8,308,tapC,,
,3.3,1.9,208.6,tapC,,
,3.2,1.9,106.7,tapC,,
,3.2,2,33.8,tapC,,
,3.1,2,0,tapC,,
,3.1,2,0,tapC,,
,3.1,2,55.5,tapC,,
,12.5,1.9,103.6,tapC,,
,20,1.9,130.1,tapC,,
,21.8,2,177.7,tapC,,
,21.9,2,230.2,tapC,,
,21.6,1.9,281.2,tapC,,
,21.6,1.9,295.5,tapC,,
,21.6,2,295.5,tapC,,
,21.6,3.9,295.5,tapC,,
,22.8,4.8,295.5,tapC,,
,23.1,4.8,240,tapC,,
,13.6,4.3,191.9,tapC,,
,5.5,3.1,165.4,tapC,,
,2.9,3.3,117.8,tapC,,
,1.9,3.3,65.3,tapC,,
,1.9,3.3,14.3,tapC,,
,1.9,3.3,0,tapC,,
,1.9,6.7,102.3,tapC,,
,12.1,4.8,138.4,tapC,,
,15.8,3.9,143.7,tapC,,
,17.2,3.9,147.3,tapC,,
,17.9,3.9,193,tapC,,
,18,3.9,240.3,tapC,,
,17.6,3.6,247.7,tapC,,
,17.8,3.7,247.7,tapC,,
,18.2,4.9,247.7,tapC,,
,19.5,4.9,247.7,tapC,,
,20.2,1.3,145.4,tapC,,
,10.1,1.3,109.3,tapC,,
,5.3,1.3,104,tapC,,
,3.6,1.3,100.4,tapC,,
,2.9,1.3,54.7,tapC,,
,2.8,1.3,7.4,tapC,,
,2.8,1.3,0,tapC,,
,2.6,1.2,76.1,tapC,,
,20.2,0,136,tapC,,
,26,0,159.4,tapC,,
,28.4,0,203.4,tapC,,
,29.5,0,287.2,tapC,,
,29.7,0,359.9,tapC,,
,29.7,0,376.9,tapC,,
,29.7,0.1,376.9,tapC,,
,29.9,0.9,376.9,tapC,,
,29.9,2.2,376.9,tapC,,
,31.2,2.4,300.8,tapC,,
,14.2,2.4,240.9,tapC,,
,7.9,2.4,217.5,tapC,,
,5.1,2.4,173.5,tapC,,
,3.9,2.5,89.7,tapC,,
,3.7,2.5,17,tapC,,
,4,2.5,0,tapC,,
,4,2.4,0.1,tapC,,
,3.8,6,38.9,tapC,,
,12.6,4.7,71.4,tapC,,
,15.2,4.5,80.7,tapC,,
,15.4,4.5,132.7,tapC,,
,15.2,4.5,187.4,tapC,,
,15.1,4.5,206.5,tapC,,
,15.1,4.6,206.5,tapC,,
,15,6.2,206.5,tapC,,
,16.1,6.9,206.5,tapC,,
,17.3,7.1,206.4,tapC,,
,17.8,3,167.6,tapC,,
,9,3,135.1,tapC,,
,5.1,3,125.8,tapC,,
,3.9,3.1,73.8,tapC,,
,3.3,3.1,19.1,tapC,,
,11.4,34.8,29.1,tapB,,
,11.4,72.7,29.1,tapB,,
,9.6,129.9,29.1,tapB,,
,9.4,188.5,29.1,tapB,,
,7.5,286.5,28.7,tapB,,
,4.4,368.5,17.7,tapB,,
,1.9,410.6,9.2,tapB,,
,0.4,431.4,2.5,tapB,,
,0.3,441.9,0.7,tapB,,
,0.3,447.4,0.6,tapB,,
,0.3,441.1,0.6,tapB,,
,0.3,404.6,0.6,tapB,,
,0.3,348.2,0.6,tapB,,
,0.3,264.4,0.6,tapB,,
,0.3,166.4,0.7,tapB,,
,0.3,84.4,0.9,tapB,,
,0.5,42.3,1.5,tapB,,
,2.2,21.5,1.5,tapB,,
,4.2,11,7.4,tapB,,
,5.9,5.5,12.6,tapB,,
,8,2.2,15.9,tapB,,
,8.6,0.8,20.3,tapB,,
,8.8,0,23.3,tapB,,
,9.3,0,27,tapB,,
,9.3,0,28.8,tapB,,
,9.3,11.3,28.8,tapB,,
,9.1,55,28.2,tapB,,
,7.4,156.4,28.2,tapB,,
,5.1,258.7,21.7,tapB,,
,3.4,361,16.5,tapB,,
,1.3,463.3,13.2,tapB,,
,0.7,540.5,8.8,tapB,,
,0.5,580.5,5.8,tapB,,
,0,602.4,2.1,tapB,,
,0.1,614.6,0.2,tapB,,
,0.1,610.5,0,tapB,,
,0.1,571.1,0,tapB,,
,0.1,472.4,0,tapB,,
,0.1,372.1,0.1,tapB,,
,0.3,271.1,0.1,tapB,,
,0.3,169.8,0.4,tapB,,
,0.5,93.2,0.4,tapB,,
,0.5,53.2,0.4,tapB,,
,0.7,31.3,0.5,tapB,,
,1.5,19.1,1.2,tapB,,
,3,11.9,2.5,tapB,,
,4.8,7.6,9.7,tapB,,
,6.2,4.9,15.4,tapB,,
,7.5,2.9,19.7,tapB,,
,8.4,1.6,21.6,tapB,,
,8.8,0.6,22.3,tapB,,
,8.9,0,23,tapB,,
,8.9,0,23.6,tapB,,
,8.7,22.1,23.5,tapB,,
,7.8,124.4,22.8,tapB,,
,6.3,226.7,21.5,tapB,,
,4.5,329,14.3,tapB,,
,3.1,415.9,8.6,tapB,,
,1.8,460.7,4.2,tapB,,
,0.7,484.5,2.3,tapB,,
,0.3,497.7,2,tapB,,
,0,505.4,1.3,tapB,,
,0,510.3,0.7,tapB,,
,0,491,0.7,tapB,,
,0,390.5,0.7,tapB,,
,0,289.4,0.7,tapB,,
,0,188.2,0.7,tapB,,
,0,102.3,0.7,tapB,,
,0,57.5,0.8,tapB,,
,2.2,33.7,1.6,tapB,,
,4.5,20.5,5.7,tapB,,
,6.2,12.8,10.6,tapB,,
,7.5,7.9,16.2,tapB,,
,8.2,5.1,19,tapB,,
,9,3.3,22.1,tapB,,
,9.8,2.1,26.5,tapB,,
,9.8,1,29.6,tapB,,
,9.8,0,30,tapB,,
,9.8,0,29.9,tapB,,
,7.6,21.6,29.1,tapB,,
,5.3,85.1,24.3,tapB,,
,3.6,162.1,19.4,tapB,,
,2.3,222.6,13.8,tapB,,
,1.6,252.4,11,tapB,,
,0.8,266.7,7.9,tapB,,
,0,274,3.5,tapB,,
,0,277.3,0.4,tapB,,
,0,279.1,0,tapB,,
,0,280.1,0,tapB,,
,0,259,0.3,tapB,,
,0,196.2,0.3,tapB,,
,0,119.2,0.3,tapB,,
,3.6,69.5,1.1,tapB,,
,7.5,59.4,4.5,tapB,,
,9.8,75.6,11.4,tapB,,
,10.7,88.9,15.5,tapB,,
,11.4,95.6,17.5,tapB,,
,11.5,103.2,18.1,tapB,,
,11.5,112.4,18.2,tapB,,
,11.5,121.6,18,tapB,,
,11.5,125.1,18,tapB,,
,11.5,125.1,18,tapB,,
,7.9,114.3,17.2,tapB,,
,4,94.6,13.8,tapB,,
,1.7,64.1,6.9,tapB,,
,0.8,43.5,2.8,tapB,,
,0.1,33.5,1.1,tapB,,
,0,24.1,0.5,tapB,,
,0,13.9,0.4,tapB,,
,0,4.2,0.5,tapB,,
,0,0,0.5,tapB,,
,0,0,0.5,tapB,,
,0,0,0.5,tapB,,
,6.9,0,4.9,tapB,,
,21.4,23.4,8.7,tapB,,
,28.7,68.9,16.7,tapB,,
,32.5,101.1,21.8,tapB,,
,34.1,114.9,25.6,tapB,,
,35.1,128.9,27.9,tapB,,
,35.7,145.3,28,tapB,,
,35.7,154.9,28,tapB,,
,35.7,154.9,28,tapB,,
,35.7,154.9,28,tapB,,
,28.8,154.9,23.6,tapB,,
,14.3,131.5,19.8,tapB,,
,7,86,11.8,tapB,,
,3.2,53.8,6.4,tapB,,
,1.6,40,2.6,tapB,,
,0.6,26,0.3,tapB,,
,0,9.6,0.1,tapB,,
,0,0,0.2,tapB,,
,0.1,0,0.9,tapB,,
,0.1,0,0.9,tapB,,
,3.1,0,0.9,tapB,,
,6.3,1.7,4.7,tapB,,
,8.8,17.6,12.2,tapB,,
,10.1,26.3,18.5,tapB,,
,10.5,32.6,24.9,tapB,,
,10.6,36.5,27.5,tapB,,
,11.3,43.2,27.4,tapB,,
,11.3,44.4,27.3,tapB,,
,11.2,44.4,26.6,tapB,,
,11.2,44.4,26.6,tapB,,
,8.2,44.4,26.6,tapB,,
,5,42.7,22.8,tapB,,
,2.5,26.8,15.3,tapB,,
,1.2,18.1,9,tapB,,
,0.8,11.8,2.6,tapB,,
,0.7,7.9,0,tapB,,
,0.1,1.2,0,tapB,,
,0.1,0,0,tapB,,
,0.1,0,0.1,tapB,,
,0.1,0,0.1,tapB,,
,0.1,0.1,0.1,tapB,,
,17.5,2,2.7,tapB,,
,30,28.1,6.6,tapB,,
,35.8,56.7,15.1,tapB,,
,38.2,75.2,19.8,tapB,,
,39,89.2,23.1,tapB,,
,40,99,25.3,tapB,,
,40.2,103.3,26.2,tapB,,
,40.3,104,26.1,tapB,,
,40.3,104,26.1,tapB,,
,40.3,103.9,26.1,tapB,,
,22.9,102,23.5,tapB,,
,10.4,75.9,19.6,tapB,,
,4.6,47.3,11.1,tapB,,
,2.2,28.8,6.4,tapB,,
,1.4,14.8,3.1,tapB,,
,0.3,5,0.9,tapB,,
,0.1,0.7,0,tapB,,
,0,0,0,tapB,,
,0,0,0,tapB,,
,0,0,0,tapB,,
,0,0,0,tapB,,
,0,0,0,tapB,,
,2.8,0,0,tapB,,
,5.1,31.5,2.6,tapB,,
,6.6,65.4,6.2,tapB,,
,7.7,113.6,14.1,tapB,,
,8.6,169.3,20.7,tapB,,
,8.9,228.1,24.7,tapB,,
,9.4,256.9,26.1,tapB,,
,9.4,256.9,26.1,tapB,,
,9.4,256.9,26.1,tapB,,
,9.4,256.9,26.1,tapB,,
,6.6,256.9,26.1,tapB,,
,4.3,225.4,23.5,tapB,,
,2.8,191.5,19.9,tapB,,
,1.7,143.3,12,tapB,,
,0.8,87.6,5.4,tapB,,
,0.5,28.8,1.4,tapB,,
,0,0,0,tapB,,
,0,0,0,tapB,,
,0,0,0,tapB,,
,0,0,0,tapB,,
,0,0,0,tapB,,
,0,0,0,tapB,,
,0.8,8.6,1,tapB,,
,4,50.4,3.6,tapB,,
,6.8,121.4,10.5,tapB,,
,8.6,193.6,16.3,tapB,,
,9.7,246.9,19.9,tapB,,
,10,290.7,21.7,tapB,,
,10.5,333.9,22.6,tapB,,
,10.5,369.4,23.4,tapB,,
,10.5,373.4,23.4,tapB,,
,10.5,373.4,23.4,tapB,,
,9.7,364.8,22.4,tapB,,
,6.5,323,19.8,tapB,,
,3.7,252,12.9,tapB,,
,1.9,179.8,7.1,tapB,,
,0.8,126.5,3.5,tapB,,
,0.5,82.7,1.7,tapB,,
,0,39.5,0.8,tapB,,
,0,4,0.2,tapB,,
,0,0,0.2,tapB,,
,0,0,0.2,tapB,,
,0,0,0.2,tapB,,
,0,0,0.2,tapB,,
,2.4,0,1.3,tapB,,
,6,30.2,3.2,tapB,,
,8.1,76.7,6.5,tapB,,
,9,131.3,11.4,tapB,,
,9.5,163.6,15.5,tapB,,
,9.9,183.9,18.5,tapB,,
,10.4,198.3,20.6,tapB,,
,10.4,200.9,20.9,tapB,,
,10.4,200.9,20.9,tapB,,
,10.4,200.9,20.9,tapB,,
,8,200.9,19.8,tapB,,
,4.4,170.7,17.9,tapB,,
,2.3,124.2,14.6,tapB,,
,1.4,69.6,9.7,tapB,,
,0.9,37.3,5.6,tapB,,
,0.6,17,2.4,tapB,,
,0.1,2.6,0.3,tapB,,
,0.1,0,0,tapB,,
,0.1,0,0,tapB,,
,0.1,0,0,tapB,,
,1.4,0.6,1.1,tapB,,
,5.4,13.2,7.9,tapB,,
,7.8,24.3,15.5,tapB,,
,8.9,28.9,20.3,tapB,,
,9.6,39.7,23.3,tapB,,
,9.9,53.7,24.8,tapB,,
,10.1,72.8,26.2,tapB,,
,10.1,82.4,26.2,tapB,,
,10.1,82.4,26.2,tapB,,
,10.1,82.4,26.2,tapB,,
,8.8,81.8,25.1,tapB,,
,4.8,69.2,18.3,tapB,,
,2.4,58.1,10.7,tapB,,
,1.3,53.5,5.9,tapB,,
,0.6,42.7,2.9,tapB,,
,0.2,28.7,1.4,tapB,,
,0,9.6,0,tapB,,
,9.8,0,21.9,tapB,,
,9.8,31.4,21.9,tapB,,
,8.5,122.8,21.9,tapB,,
,6.9,225.1,21,tapB,,
,4.9,327.4,19.2,tapB,,
,3.2,382.5,14.8,tapB,,
,2,409.8,10.5,tapB,,
,1.2,423.9,6,tapB,,
,0.4,431.3,2.7,tapB,,
,0,435.3,0.9,tapB,,
,0,437.9,0.2,tapB,,
,0,408.1,0.2,tapB,,
,0,317.6,0.2,tapB,,
,0,216,0.2,tapB,,
,0,113.7,0.5,tapB,,
,0.4,58.6,1.1,tapB,,
,2.1,31.3,3.4,tapB,,
,3.6,17.2,5.2,tapB,,
,5.1,9.8,8.1,tapB,,
,5.9,5.8,11.3,tapB,,
,6.7,3.2,16.3,tapB,,
,7.2,1.6,20.9,tapB,,
,7.3,0.7,22.5,tapB,,
,7.3,56.9,22.5,tapB,,
,7.3,159.2,22.2,tapB,,
,6.9,261.5,21.6,tapB,,
,5.2,363.8,19.3,tapB,,
,3.7,428.3,17.5,tapB,,
,2.2,461.7,14.6,tapB,,
,1.4,479.6,11.2,tapB,,
,0.6,489.3,6.4,tapB,,
,0.1,495.2,1.8,tapB,,
,0,498.6,0.2,tapB,,
,0,443.9,0.2,tapB,,
,0,343.2,0.2,tapB,,
,0,242,0.2,tapB,,
,2.8,139.7,1,tapB,,
,5.1,75.2,3.3,tapB,,
,7.4,41.8,5.8,tapB,,
,9,23.9,12.2,tapB,,
,10,14.2,18.2,tapB,,
,10.8,8.3,22.2,tapB,,
,11.4,4.9,24.2,tapB,,
,11.6,2.7,24.7,tapB,,
,11.6,1.7,24.7,tapB,,
,11.6,53.4,24.7,tapB,,
,8.8,155.7,23.9,tapB,,
,6.5,258,21.6,tapB,,
,4.2,360.3,19.1,tapB,,
,2.6,424.9,12.7,tapB,,
,1.6,458.4,6.5,tapB,,
,0.9,477.1,2.5,tapB,,
,0.3,487,0.5,tapB,,
,0.1,492.5,0,tapB,,
,0.2,495.4,0,tapB,,
,0.2,444.9,0,tapB,,
,0.2,344.2,0,tapB,,
,0.2,242.9,0,tapB,,
,0.2,141.5,0,tapB,,
,5.9,77.4,0.1,tapB,,
,10.6,43.9,3.2,tapB,,
,13.9,25.2,12.3,tapB,,
,16,15.3,20.5,tapB,,
,17.3,9.8,26.8,tapB,,
,17.8,6.3,30.6,tapB,,
,17.9,4,31.8,tapB,,
,17.9,2.4,31.8,tapB,,
,17.9,9.1,31.8,tapB,,
,17.9,41.2,31.8,tapB,,
,12.2,114.4,31.7,tapB,,
,7.5,216.7,28.6,tapB,,
,4.1,318.4,19.5,tapB,,
,2,374.8,11.3,tapB,,
,0.7,402.9,5,tapB,,
,0.1,416.8,1.2,tapB,,
,0,423.7,0,tapB,,
,0,427.7,0,tapB,,
,0,422.1,0,tapB,,
,0,391.5,0,tapB,,
,0,318.7,0,tapB,,
,0,216.9,0,tapB,,
,1.7,115.3,2.3,tapB,,
,4.2,58.9,5.4,tapB,,
,6.1,30.8,9.1,tapB,,
,7.3,16.9,13.7,tapB,,
,8.5,10,17.4,tapB,,
,9.2,6,20.7,tapB,,
,9.4,3.9,22.3,tapB,,
,9.5,1.5,23.8,tapB,,
,9.5,0.6,25.5,tapB,,
,9.5,0.1,25.5,tapB,,
,7.8,32.9,23.2,tapB,,
,5.3,119.9,20.1,tapB,,
,3.4,222.2,16.4,tapB,,
,2.2,324.5,11.8,tapB,,
,1,411.1,8.1,tapB,,
,0.3,456.1,4.8,tapB,,
,0.1,479.1,3.2,tapB,,
,0,491,1.7,tapB,,
,0,497.4,0,tapB,,
,0,501,0,tapB,,
,0,470.3,0,tapB,,
,0.3,384.8,0,tapB,,
,0.6,283.3,0,tapB,,
,3.5,182.2,0.8,tapB,,
,5.3,95.6,2.8,tapB,,
,6.7,50.6,4.8,tapB,,
,8.9,27.6,9.5,tapB,,
,9.8,15.7,14.2,tapB,,
,10.4,9.3,17.3,tapB,,
,10.7,5.7,18.9,tapB,,
,10.7,3.5,18.9,tapB,,
,10.4,17.7,18.9,tapB,,
,10.1,89.6,18.9,tapB,,
,7.2,190.7,18.1,tapB,,
,5.4,293,16.1,tapB,,
,4,368.7,14.1,tapB,,
,1.8,406.8,9.4,tapB,,
,0.9,426.3,4.7,tapB,,
,0.3,436.3,1.6,tapB,,
,0,442,0,tapB,,
,0.1,445.6,0,tapB,,
,0.3,432.6,0.1,tapB,,
,0.3,362.1,0.1,tapB,,
,0.3,261,0.5,tapB,,
,0.3,159.9,0.5,tapB,,
,0.3,84.8,0.5,tapB,,
,0.3,47,0.5,tapB,,
,0.3,27.5,0.5,tapB,,
,0.3,17.5,0.7,tapB,,
,0.3,11.8,0.7,tapB,,
,0.2,8.2,0.7,tapB,,
,57.7,36,15.4,tapA,,
,153.5,36,15.4,tapA,,
,212.9,36,15.4,tapA,,
,242.9,15.8,14.7,tapA,,
,242.7,6.3,8.7,tapA,,
,251.2,2.3,5.5,tapA,,
,255.6,0.9,2.5,tapA,,
,258.2,0.8,0.5,tapA,,
,260,0.8,0,tapA,,
,261.2,0.8,1.8,tapA,,
,252.6,2.9,2.8,tapA,,
,156.8,4.7,4.2,tapA,,
,97.4,5.6,4.4,tapA,,
,67.4,5.8,5.2,tapA,,
,60,5.8,5.2,tapA,,
,93.9,5.8,5.5,tapA,,
,185.1,5.8,5.5,tapA,,
,284.8,5.1,5.5,tapA,,
,385.3,5,5.5,tapA,,
,440.7,5,3.7,tapA,,
,436.1,2.9,2.7,tapA,,
,451.8,1.1,1.4,tapA,,
,460,0.2,1.5,tapA,,
,464.7,0,0.7,tapA,,
,459.7,0,0.7,tapA,,
,418.9,0,0.4,tapA,,
,324.6,0,0.4,tapA,,
,223,0,0.4,tapA,,
,127.2,0,1.2,tapA,,
,70.6,1.7,2.7,tapA,,
,50.3,1.8,3.7,tapA,,
,43.4,1.8,3.6,tapA,,
,44.6,1.8,3.3,tapA,,
,58.3,1.8,3.3,tapA,,
,91.7,2.8,3.7,tapA,,
,166.2,4.1,3.7,tapA,,
,255.2,6.6,3.7,tapA,,
,304.8,7.5,3.7,tapA,,
,323.3,7.6,2.9,tapA,,
,336.2,5.9,1.4,tapA,,
,334.6,5.8,0.4,tapA,,
,329.1,5.8,0.4,tapA,,
,321.6,5.8,0.4,tapA,,
,304.2,5.8,0.7,tapA,,
,268.6,4.9,0.3,tapA,,
,193.2,3.6,1,tapA,,
,103.1,1.1,1,tapA,,
,52.8,0.2,2.6,tapA,,
,27.8,2.9,2.6,tapA,,
,14.9,3.5,2.6,tapA,,
,7.8,3.5,5.3,tapA,,
,4.5,3.5,5.3,tapA,,
,9.2,3.5,5.3,tapA,,
,51.5,3.9,5,tapA,,
,136,5.1,5,tapA,,
,237.6,7.9,4.3,tapA,,
,337,7.9,4.3,tapA,,
,387.7,7.9,2.7,tapA,,
,414.2,5.1,3,tapA,,
,428.9,4.5,3,tapA,,
,437.1,4.5,0.3,tapA,,
,442,4.5,0.3,tapA,,
,438.3,4.5,0.3,tapA,,
,397,4.1,0.6,tapA,,
,313.3,2.8,0.6,tapA,,
,211.9,0,0.6,tapA,,
,112.3,2.8,0.6,tapA,,
,61.6,2.8,0.6,tapA,,
,35.1,7.6,0.8,tapA,,
,20.4,9.8,0.8,tapA,,
,12.2,9.9,0.8,tapA,,
,7.3,9.9,0.8,tapA,,
,8.2,9.9,1.7,tapA,,
,63,11.9,2.7,tapA,,
,163.8,15.6,4.5,tapA,,
,262.2,15.6,4.5,tapA,,
,312.8,12.8,4.5,tapA,,
,338.2,12.8,4.5,tapA,,
,351.9,8,4,tapA,,
,359.4,5.8,4,tapA,,
,363.7,5.7,4,tapA,,
,366.7,5.7,4,tapA,,
,364.1,5.7,3.2,tapA,,
,308.4,3.7,1.9,tapA,,
,206.8,0,0.1,tapA,,
,108,0,0.1,tapA,,
,78.3,4.2,0.1,tapA,,
,52.9,6.1,0.1,tapA,,
,39.2,10,0.1,tapA,,
,31.7,10,0.6,tapA,,
,27.4,10,0.9,tapA,,
,24.4,10.3,0.9,tapA,,
,30.2,10.8,0.8,tapA,,
,86.3,12.6,1.3,tapA,,
,187.9,14.2,1.8,tapA,,
,289.7,15.9,2.6,tapA,,
,326.2,11.7,2.6,tapA,,
,355.4,9.8,2.6,tapA,,
,370.6,5.9,2.6,tapA,,
,379.1,5.9,2.1,tapA,,
,383.6,5.9,1.8,tapA,,
,386.3,5.6,1.8,tapA,,
,381.2,5.1,1.8,tapA,,
,324.8,3.3,1.3,tapA,,
,223.1,1.7,8.6,tapA,,
,172.3,3.2,10.9,tapA,,
,114.9,11.2,12.9,tapA,,
,85.7,15.3,12.9,tapA,,
,70.5,16.7,13,tapA,,
,62,16.7,13,tapA,,
,58.4,16.7,13.6,tapA,,
,89.4,17.4,14.3,tapA,,
,176.4,18.9,15.1,tapA,,
,277.9,22,16.2,tapA,,
,354.9,22,8.4,tapA,,
,342.2,18.8,5.3,tapA,,
,361.9,10.8,3.3,tapA,,
,372.5,6.7,3.3,tapA,,
,378.3,5.3,3.2,tapA,,
,381.3,5.3,3.2,tapA,,
,382.1,5.3,2.6,tapA,,
,349.4,4.6,1.9,tapA,,
,261.3,3.1,1.1,tapA,,
,159.5,0,0,tapA,,
,82.2,0.1,2.8,tapA,,
,43.4,0.1,2.8,tapA,,
,23.7,0.9,3.4,tapA,,
,13.1,1.5,3.9,tapA,,
,7.3,1.5,4.3,tapA,,
,4.3,1.5,4.3,tapA,,
,9.1,1.5,5,tapA,,
,65.1,3.8,5.3,tapA,,
,164.2,7,6.1,tapA,,
,237.4,7,6.1,tapA,,
,272.3,6.9,3.3,tapA,,
,290.2,6.9,3.3,tapA,,
,299.5,6.1,2.7,tapA,,
,304.4,5.5,2.2,tapA,,
,307.5,5.5,2.5,tapA,,
,308.9,5.5,2.5,tapA,,
,303.3,5.5,1.8,tapA,,
,246.7,3.2,1.5,tapA,,
,147.1,0,0.7,tapA,,
,73.5,0,0.7,tapA,,
,45.1,0,0.7,tapA,,
,27.2,0,0.7,tapA,,
,17.9,0,0.7,tapA,,
,13,0,1.3,tapA,,
,9.9,0,0.8,tapA,,
,9.7,0.1,1.1,tapA,,
,40,1.3,2.3,tapA,,
,104.6,4.2,3.3,tapA,,
,187.1,8.2,3.7,tapA,,
,262.7,13.1,4.1,tapA,,
,301,13.9,4.1,tapA,,
,324.8,14.2,4.1,tapA,,
,337.3,14.2,4.4,tapA,,
,344,14.2,3.8,tapA,,
,347.6,14.2,3.6,tapA,,
,348.3,14.1,3.3,tapA,,
,318.3,12.9,2.1,tapA,,
,254.2,10,1.1,tapA,,
,171.9,6,0.7,tapA,,
,96.6,1.1,0.3,tapA,,
,51.5,0.3,0.7,tapA,,
,27.7,0,0.7,tapA,,
,15.2,0,0.4,tapA,,
,8.5,0,0.9,tapA,,
,4.9,0,1.5,tapA,,
,3,0.4,1.6,tapA,,
,16.6,0.4,1.9,tapA,,
,83.8,1.1,2.2,tapA,,
,185.6,5,2.6,tapA,,
,284,9.5,2.6,tapA,,
,346.3,9.5,2.2,tapA,,
,377.1,9.5,2.2,tapA,,
,393.4,9.5,2.3,tapA,,
,401.9,9.5,1.8,tapA,,
,406.6,9.5,1.2,tapA,,
,409.2,9.1,1.1,tapA,,
,396.1,9.1,0.8,tapA,,
,328.9,8.4,0.8,tapA,,
,227.4,4.5,0.4,tapA,,
,128.9,0,0.4,tapA,,
,66.6,0,0.4,tapA,,
,35.9,0,0.4,tapA,,
,19.6,0,0.3,tapA,,
,11.1,0,0.3,tapA,,
,6.4,0,0.3,tapA,,
,3.8,0,0.4,tapA,,
,2.1,0,0.5,tapA,,
,1.2,0,0.2,tapA,,
,0.4,0,0.2,tapA,,
,17,0,0.7,tapA,,
,61.4,1.6,1.7,tapA,,
,161.5,5.5,1.9,tapA,,
,263.8,8.6,2.5,tapA,,
,362.3,12.5,2.5,tapA,,
,418.1,12.6,2.5,tapA,,
,447.1,12.6,2.4,tapA,,
,462.3,12.7,2.3,tapA,,
,470.8,12.7,2.3,tapA,,
,475.4,12.7,2.3,tapA,,
,461.1,12.7,1.8,tapA,,
,418.5,11.2,0.8,tapA,,
,319.3,7.4,0.6,tapA,,
,217.7,4.3,0,tapA,,
,119.5,0.4,0,tapA,,
,63.8,0.3,0,tapA,,
,34.9,0.3,0,tapA,,
,19.7,0.2,0,tapA,,
,11.2,0.2,1.1,tapA,,
,6.6,0.2,1.6,tapA,,
,4,0.2,1.9,tapA,,
,2.2,0.1,1.9,tapA,,
,1.2,0,2,tapA,,
,21.2,1.2,2.8,tapA,,
,93.2,4.9,2.8,tapA,,
,195.4,6.8,3.3,tapA,,
,297.6,9.1,3.3,tapA,,
,368.3,11.2,3.3,tapA,,
,407.1,11.6,2.2,tapA,,
,427.5,11.7,1.7,tapA,,
,438.8,11.7,1.4,tapA,,
,445.3,11.7,1.4,tapA,,
,448.8,11.7,1.3,tapA,,
,430.5,10.5,0.5,tapA,,
,359.8,7.5,0.5,tapA,,
,258.7,5.6,0,tapA,,
,157.3,3.3,0,tapA,,
,87,1.2,0,tapA,,
,48.4,0.8,0,tapA,,
,70.5,0.7,0,tapA,,
,59.2,0.7,0.5,tapA,,
,52.7,2.1,1,tapA,,
,49.2,2.1,1.5,tapA,,
,46.8,2.1,1.5,tapA,,
,45.2,1.4,1.5,tapA,,
,49.4,2.4,2,tapA,,
,85.1,5.5,2.4,tapA,,
,166.9,9.1,2.4,tapA,,
,263.9,12.6,2.5,tapA,,
,290.8,14.4,2.5,tapA,,
,327.2,14.5,2,tapA,,
,345.9,13.1,1.5,tapA,,
,356.2,13.1,1,tapA,,
,361.7,13.4,1,tapA,,
,364.9,13.4,1,tapA,,
,361.4,12.4,0.5,tapA,,
,326,9.3,0.1,tapA,,
,244.7,5.7,0.1,tapA,,
,147.9,2.6,0,tapA,,
,79.2,0.8,0,tapA,,
,42.8,0.7,0,tapA,,
,24.5,0.7,0,tapA,,
,14.2,0.7,0,tapA,,
,8.7,2.3,1.6,tapA,,
,5.5,2.3,2.3,tapA,,
,3.6,2.3,2.3,tapA,,
,2.4,2.3,2.3,tapA,,
,10,2.8,2.6,tapA,,
,50.2,4.8,2.9,tapA,,
,139.7,7.4,3.2,tapA,,
,240.9,10,3.2,tapA,,
,318,15,3.3,tapA,,
,365.9,16.2,3.3,tapA,,
,389.8,14.6,1.7,tapA,,
,402.6,14.6,1,tapA,,
,409.5,14.7,1,tapA,,
,413.6,14.7,1,tapA,,
,407.8,14.2,0.7,tapA,,
,368.3,11.8,0.4,tapA,,
,279,9.2,0.1,tapA,,
,178.4,6.6,0.1,tapA,,
,101.2,1.6,0,tapA,,
,53.5,0.4,0,tapA,,
,29.6,2.2,0,tapA,,
,16.8,2.2,0,tapA,,
,9.9,2.1,0.4,tapA,,
,5.8,2.1,1.1,tapA,,
,3.1,2.1,1.5,tapA,,
,2,2.1,1.5,tapA,,
,49.5,2.1,2,tapA,,
,151.2,8,2.3,tapA,,
,249.9,14.7,2.5,tapA,,
,309.6,16.8,2.5,tapA,,
,339.2,15,2.5,tapA,,
,355,15,2.6,tapA,,
,364.4,15.1,2.5,tapA,,
,369.7,15.1,1.8,tapA,,
,373.1,15.1,1.4,tapA,,
,374.7,15.1,1.4,tapA,,
,327.5,15.1,1.3,tapA,,
,225.9,9.2,1.3,tapA,,
,127.5,2.6,1.1,tapA,,
,68.4,0.5,1.8,tapA,,
,38.9,0.2,1.8,tapA,,
,23.2,0.2,1.7,tapA,,
,14.1,0.1,1.4,tapA,,
,8.8,0.1,1.4,tapA,,
,5.4,0.1,1.4,tapA,,
,0.6,0.3,0,Grasp,,
,0.6,0.3,0,Grasp,,
,0.6,0.3,0,Grasp,,
,0.6,1,0.2,Grasp,,
,0.8,1,8.8,Grasp,,
,0.8,1,23.3,Grasp,,
,6.6,1,27.1,Grasp,,
,6.6,0.7,55.5,Grasp,,
,6.6,0.7,157.8,Grasp,,
,6.4,0.7,260.1,Grasp,,
,6.3,0.7,362.4,Grasp,,
,6.3,0.7,464.7,Grasp,,
,6.3,0.7,567,Grasp,,
,6.3,0,629,Grasp,,
,23.5,33.9,620.4,Grasp,,
,64.8,136.2,605.9,Grasp,,
,129.7,238.5,602.1,Grasp,,
,210.6,340.8,573.7,Grasp,,
,250.8,443.1,484.7,Grasp,,
,269.4,531.6,382.4,Grasp,,
,279.4,582.2,280.1,Grasp,,
,284.3,609.2,177.8,Grasp,,
,287.2,625,75.5,Grasp,,
,289,634.3,13.3,Grasp,,
,272.7,606.2,13.3,Grasp,,
,232.1,507.6,13.3,Grasp,,
,161.3,407.9,13.3,Grasp,,
,80.6,307.7,13.3,Grasp,,
,40.4,206.6,0,Grasp,,
,21.9,119.1,0,Grasp,,
,11.9,69.4,0,Grasp,,
,7.1,43,3,Grasp,,
,4.2,27.7,6.2,Grasp,,
,2.9,19.2,8.3,Grasp,,
,1.8,13.4,8.3,Grasp,,
,7.9,10.3,8.3,Grasp,,
,7.7,7.7,8.3,Grasp,,
,7.5,5.6,8.3,Grasp,,
,7.5,4.4,8.3,Grasp,,
,7.4,3.4,8.3,Grasp,,
,7.4,2.5,27.2,Grasp,,
,7.3,1.9,57.8,Grasp,,
,25.3,38.5,88.5,Grasp,,
,89.4,140,108.8,Grasp,,
,156,242.3,154,Grasp,,
,226.7,344,228.4,Grasp,,
,274.6,446.3,296.2,Grasp,,
,300.3,548.6,329.2,Grasp,,
,313.4,627.1,346.9,Grasp,,
,319.8,678.9,357.7,Grasp,,
,323.1,708.5,345.3,Grasp,,
,324.9,726.4,315.8,Grasp,,
,308.2,700.7,285,Grasp,,
,244.3,605.9,264.1,Grasp,,
,178.2,508.8,220,Grasp,,
,100.8,410.3,146.8,Grasp,,
,53.1,311.1,79.8,Grasp,,
,27.6,210.8,47.6,Grasp,,
,14.6,134.1,30.4,Grasp,,
,8.5,83.4,19.8,Grasp,,
,7.2,53.8,14,Grasp,,
,27.6,35.9,27.5,Grasp,,
,26.3,24.5,56.7,Grasp,,
,25.6,17,94.7,Grasp,,
,25.1,11.8,144.8,Grasp,,
,25,8,194.7,Grasp,,
,24.8,4.9,240.9,Grasp,,
,24.6,2.9,277.7,Grasp,,
,24.5,1.1,299.1,Grasp,,
,55.2,27.8,302.7,Grasp,,
,143.3,130.1,302,Grasp,,
,223.4,232.4,284.4,Grasp,,
,325.7,334.7,252.1,Grasp,,
,428,437,212.6,Grasp,,
,486.9,539.3,161.4,Grasp,,
,519,631.1,110.3,Grasp,,
,537,690.6,63.3,Grasp,,
,547.2,722.6,25.7,Grasp,,
,553.6,740.8,3.8,Grasp,,
,526.8,723.9,0,Grasp,,
,439.8,628.2,0,Grasp,,
,339.7,530.1,0,Grasp,,
,239,430.6,0.1,Grasp,,
,137.9,330.6,0.1,Grasp,,
,79.8,229.9,0.1,Grasp,,
,48.4,139.3,0.1,Grasp,,
,30.9,80.6,0.2,Grasp,,
,21.1,49.1,0.5,Grasp,,
,15.6,31.5,0.5,Grasp,,
,11.6,20.8,1.2,Grasp,,
,8.5,14.2,10.9,Grasp,,
,10.4,10,10.9,Grasp,,
,8.8,7.2,10.8,Grasp,,
,7.6,4.9,69.2,Grasp,,
,6.8,3.3,171.5,Grasp,,
,6.1,2.1,273.8,Grasp,,
,5.6,1.3,368.1,Grasp,,
,5.5,0.8,411,Grasp,,
,30.8,24.2,411,Grasp,,
,89.4,104.9,410.3,Grasp,,
,189.7,207.2,400.6,Grasp,,
,287.9,309.5,400.6,Grasp,,
,390.2,411.8,420.7,Grasp,,
,465.4,514.1,423.1,Grasp,,
,506.8,616.4,346.1,Grasp,,
,529.2,694.5,258.2,Grasp,,
,542.1,740.5,171.9,Grasp,,
,549.9,767.5,133,Grasp,,
,528.5,760,135.9,Grasp,,
,472.7,689.6,137.7,Grasp,,
,375.1,594.5,138.5,Grasp,,
,274.4,496.5,139.2,Grasp,,
,173.5,397.6,120,Grasp,,
,99.4,297.9,59.6,Grasp,,
,58.6,197.2,34.7,Grasp,,
,36.8,120.4,20.5,Grasp,,
,24.2,75.4,12.8,Grasp,,
,16.4,49.1,9.2,Grasp,,
,12.3,33.3,6.7,Grasp,,
,9.3,23.3,5.2,Grasp,,
,11.8,16.1,7.6,Grasp,,
,56.2,11.8,6.9,Grasp,,
,54.8,8.4,29.4,Grasp,,
,53.7,5.8,131.3,Grasp,,
,53.1,4.2,233.2,Grasp,,
,52.5,2.9,335.3,Grasp,,
,52.2,1.9,437.2,Grasp,,
,51.9,1.2,527.7,Grasp,,
,73.2,5.2,547.4,Grasp,,
,143.7,107,547.1,Grasp,,
,240.8,209.3,543.9,Grasp,,
,297.1,311.6,543.9,Grasp,,
,388.7,413.9,534,Grasp,,
,438.2,516.2,457.5,Grasp,,
,463.9,601,366.4,Grasp,,
,478.7,651.6,270,Grasp,,
,487.3,680,171.6,Grasp,,
,492.7,696.9,82.4,Grasp,,
,474.4,702.4,63.6,Grasp,,
,406.1,606.8,64.6,Grasp,,
,305.2,508.8,65.3,Grasp,,
,203.9,409.6,65.8,Grasp,,
,113.1,310.4,53,Grasp,,
,64.2,209.8,27.3,Grasp,,
,38.8,126.3,16.2,Grasp,,
,24.5,76.5,10.6,Grasp,,
,16.1,48.8,6.8,Grasp,,
,11.1,33,5.1,Grasp,,
,8.1,23.2,3.8,Grasp,,
,5.9,16.9,3.1,Grasp,,
,12.1,12.6,9.8,Grasp,,
,21.4,63.9,25.7,Grasp,,
,20.6,60.8,52.9,Grasp,,
,20,59.1,130.2,Grasp,,
,19.7,57.8,213,Grasp,,
,19.2,57,314.5,Grasp,,
,19,56.3,416.7,Grasp,,
,18.6,55.2,518.7,Grasp,,
,24.9,54.8,594.3,Grasp,,
,62.3,96.8,614.5,Grasp,,
,147.5,199.1,607.1,Grasp,,
,239.5,247,590.7,Grasp,,
,341.8,349.3,562.8,Grasp,,
,416,451.6,485.4,Grasp,,
,456.6,549.4,402.5,Grasp,,
,479.3,608.6,300.7,Grasp,,
,492.3,641,198.4,Grasp,,
,500.5,659.9,96.1,Grasp,,
,498.1,670.8,20.5,Grasp,,
,463.7,634.9,0,Grasp,,
,372.9,536.7,0,Grasp,,
,272.2,437.1,0.3,Grasp,,
,171.1,336.8,0.3,Grasp,,
,97.8,235.7,0.3,Grasp,,
,58,139,0.3,Grasp,,
,35.9,80.9,0.4,Grasp,,
,23.2,49,0.6,Grasp,,
,15.2,30.6,0.6,Grasp,,
,10.7,19.9,0.7,Grasp,,
,7.9,13.6,0.7,Grasp,,
,6.2,9.6,0.8,Grasp,,
,8.6,6.9,0.6,Grasp,,
,7.4,5.9,102.9,Grasp,,
,6.5,4.7,205.2,Grasp,,
,5.7,3.6,307.5,Grasp,,
,5.1,2.5,409.7,Grasp,,
,4.8,2,511.8,Grasp,,
,4.6,1.5,603.1,Grasp,,
,4.5,1.3,661.2,Grasp,,
,4.3,1.1,709.6,Grasp,,
,15.7,1,729.4,Grasp,,
,55.7,75.9,729.3,Grasp,,
,158,177.2,627,Grasp,,
,260.3,279.5,524.7,Grasp,,
,362.6,381.8,422.4,Grasp,,
,418.6,484.1,339.5,Grasp,,
,449.6,565.4,246.9,Grasp,,
,466.4,610.3,160.5,Grasp,,
,475.9,635.3,104.8,Grasp,,
,481.7,649.9,57.6,Grasp,,
,473.5,658.2,38.3,Grasp,,
,431.7,588.4,38.6,Grasp,,
,331,489.6,38.7,Grasp,,
,229.7,389.8,38.8,Grasp,,
,128.2,289.1,38.9,Grasp,,
,72.8,188.1,19.5,Grasp,,
,42.3,108,9.9,Grasp,,
,26,63.9,5,Grasp,,
,16.5,39.2,3.5,Grasp,,
,11.1,24.8,2.3,Grasp,,
,7.6,16.5,1.7,Grasp,,
,5.5,11.4,1.4,Grasp,,
,4,8,1.4,Grasp,,
,57.9,5.5,13,Grasp,,
,57.1,90.8,111.7,Grasp,,
,56.5,89.5,214,Grasp,,
,56,88.3,316.2,Grasp,,
,55.5,87.5,418.5,Grasp,,
,55.5,87.2,519.8,Grasp,,
,55.1,87,595.3,Grasp,,
,58.8,87,638.2,Grasp,,
,63.2,87,647.6,Grasp,,
,69.3,86.9,647.5,Grasp,,
,40.3,123,635.8,Grasp,,
,88,125.3,537,Grasp,,
,172.4,227.6,434.7,Grasp,,
,274.7,329.9,332.4,Grasp,,
,374.5,432.2,230.1,Grasp,,
,428,534.5,127.8,Grasp,,
,457.1,598.3,52.3,Grasp,,
,469,633,9.4,Grasp,,
,473.6,651.5,0,Grasp,,
,472.5,662.1,0,Grasp,,
,449.9,632.1,0,Grasp,,
,404,546.4,0,Grasp,,
,321.1,446.4,0,Grasp,,
,219.7,345.8,0,Grasp,,
,120.4,244.5,0,Grasp,,
,67.4,142.8,0,Grasp,,
,38.4,79.5,0,Grasp,,
,23.4,45.2,0,Grasp,,
,15,26.8,0,Grasp,,
,9.9,16.3,0,Grasp,,
,6.8,10.4,0,Grasp,,
,5.3,6.9,0,Grasp,,
,53.8,35.9,24.4,Grasp,,
,52.9,34.2,114.7,Grasp,,
,52.4,33.2,217,Grasp,,
,51.9,32.6,319.3,Grasp,,
,51.8,32.1,421.6,Grasp,,
,51.2,31.7,494.6,Grasp,,
,50.5,31.6,519.6,Grasp,,
,51.5,31.5,519.6,Grasp,,
,59.1,43.2,519.6,Grasp,,
,75.6,99.8,519.6,Grasp,,
,59.1,170.8,495.2,Grasp,,
,116.8,273.1,404.9,Grasp,,
,206.8,375.4,302.6,Grasp,,
,273.4,477.7,205.9,Grasp,,
,309.2,567.3,122.9,Grasp,,
,327.1,619.6,59.3,Grasp,,
,337.2,649.9,39.1,Grasp,,
,341.2,668.7,41.4,Grasp,,
,336.2,667.9,42.1,Grasp,,
,321.2,618.6,42.8,Grasp,,
,288.7,521.5,43.1,Grasp,,
,231.6,422.9,43.4,Grasp,,
,142.2,323.2,43.6,Grasp,,
,75.8,222.9,38,Grasp,,
,40.3,134.8,19.5,Grasp,,
,22.4,84.7,10.1,Grasp,,
,12.3,55.2,5.4,Grasp,,
,7.3,36.9,3.1,Grasp,,
,4.5,26.4,2.4,Grasp,,
,2.7,19.7,1.7,Grasp,,
,42.7,14.5,12,Grasp,,
,42.1,14.4,114,Grasp,,
,41.5,11.8,216.1,Grasp,,
,41.3,9.8,318.4,Grasp,,
,41,8.3,419.9,Grasp,,
,41,6.1,522.2,Grasp,,
,41,5.3,605.7,Grasp,,
,41,4.8,669.9,Grasp,,
,41,4.2,710.2,Grasp,,
,41,3.6,728.1,Grasp,,
,5.5,3.6,717.5,Grasp,,
,47.5,53.8,615.2,Grasp,,
,149.8,156.1,512.9,Grasp,,
,252.1,258.4,410.6,Grasp,,
,339,360.7,308.3,Grasp,,
,389.1,463,206,Grasp,,
,415.7,531.8,122.4,Grasp,,
,430.5,568.7,58.2,Grasp,,
,438.5,589,17.9,Grasp,,
,443.6,600.5,0,Grasp,,
,440.9,607.2,0,Grasp,,
,400.8,557.6,0,Grasp,,
,299.8,458.1,0,Grasp,,
,198.5,357.9,0,Grasp,,
,112.3,257.9,0,Grasp,,
,62.6,156.6,0,Grasp,,
,36.2,88.3,0,Grasp,,
,21.6,51.9,0,Grasp,,
,13.8,32,0,Grasp,,
,9.2,20.6,0,Grasp,,
,6.4,13.9,0,Grasp,,
,4.7,9.8,0,Grasp,,
,3.4,7,0,Grasp,,
,11.6,5,1.2,Grasp,,
,17.7,105,44.5,Grasp,,
,17.3,104,111.3,Grasp,,
,17.1,103.5,213.6,Grasp,,
,16.9,103,315.9,Grasp,,
,16.7,102.6,414.9,Grasp,,
,16.2,102.5,491.3,Grasp,,
,16.2,102.5,531.2,Grasp,,
,16,102.4,553.3,Grasp,,
,16.2,102.4,566.4,Grasp,,
,20.6,118.3,565.2,Grasp,,
,48.1,87.9,521.9,Grasp,,
,110.5,190.2,455.1,Grasp,,
,212.8,292.5,352.8,Grasp,,
,303.9,394.8,250.5,Grasp,,
,352.5,497.1,151.5,Grasp,,
,377.8,564.5,75.1,Grasp,,
,391.3,601.2,35.2,Grasp,,
,398.4,620.9,13.1,Grasp,,
,402.3,632.3,0,Grasp,,
,391.2,622.8,0,Grasp,,
,358.1,555,0,Grasp,,
,296.6,455.3,0,Grasp,,
,194.8,354.7,0,Grasp,,
,104.2,253.7,0,Grasp,,
,56.1,152.4,0,Grasp,,
,30.8,85.4,0,Grasp,,
,17.3,49,0,Grasp,,
,10.2,29.4,0,Grasp,,
,6.1,18.1,0,Grasp,,
,3.7,11.6,0,Grasp,,
,2.5,7.6,0,Grasp,,
,1.7,5.4,0,Grasp,,
,1.2,3.7,0.1,Grasp,,
,0.7,2.4,0.1,Grasp,,
,28.7,1.4,9.5,Grasp,,
,28.7,59.2,111.8,Grasp,,
,28.7,58.9,200.7,Grasp,,
,28.7,58.8,303,Grasp,,
,28.7,58.7,405.3,Grasp,,
,28.6,58.7,501.2,Grasp,,
,28.6,58.6,564.7,Grasp,,
,28.5,58.2,605.1,Grasp,,
,28.5,58.2,633.7,Grasp,,
,28.5,58.2,644.6,Grasp,,
,7.2,67.6,635.2,Grasp,,
,32,86.6,532.9,Grasp,,
,88.8,188.9,444,Grasp,,
,191.1,291.2,341.7,Grasp,,
,258.3,393.5,241.9,Grasp,,
,292.3,476.8,146,Grasp,,
,309.6,521.1,82.5,Grasp,,
,318.7,546.1,42.1,Grasp,,
,323.8,560.7,13.4,Grasp,,
,326.4,569.7,2.5,Grasp,,
,320.8,565.7,2.5,Grasp,,
,297,492,2.5,Grasp,,
,240.9,392.8,2.5,Grasp,,
,139,292.5,2.5,Grasp,,
,71.9,191.6,0,Grasp,,
,38.1,109.3,0,Grasp,,
,20.9,65.8,0,Grasp,,
,11.8,41.4,0.1,Grasp,,
,7.2,27.3,0.1,Grasp,,
,4.6,18.4,0.1,Grasp,,
,3.1,13.3,0.1,Grasp,,
,2.1,9.8,0.1,Grasp,,
,4,6.7,11.8,Grasp,,
,3.6,4.7,54.3,Grasp,,
,3.5,3.3,103.8,Grasp,,
,3.3,2.3,155.7,Grasp,,
,3.2,1.5,214.9,Grasp,,
,3.2,0.9,236.3,Grasp,,
,3.5,50.6,262.5,Grasp,,
,17,72.6,277.4,Grasp,,
,44.4,89.8,279.6,Grasp,,
,86.6,133.9,279.6,Grasp,,
,144.1,212.7,267.9,Grasp,,
,217.3,309.4,225.4,Grasp,,
,277.4,385.7,175.9,Grasp,,
,325.4,449.2,124,Grasp,,
,352.9,544.8,64.8,Grasp,,
,368.2,638.6,43.3,Grasp,,
,375.6,641.9,17.1,Grasp,,
,366.3,647.4,2.2,Grasp,,
,341.3,645,0,Grasp,,
,300.2,609,0,Grasp,,
,241,534.9,0,Grasp,,
,168.4,441,0,Grasp,,
,108.6,366.6,0,Grasp,,
,60.6,304.3,0,Grasp,,
,33.2,209.5,0,Grasp,,
,17.9,116.2,0,Grasp,,
,10,63,0,Grasp,,
,5.8,35.6,0,Grasp,,
,3.3,20.6,0,Grasp,,
,2.5,12.8,0,Grasp,,
,1.6,8.3,0.1,Grasp,,
,1,5.7,0.1,Grasp,,
,0.7,3.8,0.1,Grasp,,
,0.7,2.7,10.1,Grasp,,
,71.8,1.9,44,Grasp,,
,71.8,1.4,67.6,Grasp,,
,71.5,1.1,107.6,Grasp,,
,71.5,0.9,170.8,Grasp,,
,71.5,0.8,228.5,Grasp,,
,71.2,0.5,268.7,Grasp,,
,71.2,0.3,298.5,Grasp,,
,71.2,0.1,321.4,Grasp,,
,71.2,0.1,336.5,Grasp,,
,77.5,5.1,331.7,Grasp,,
,28.4,32.5,297.8,Grasp,,
,68.7,89.8,274.2,Grasp,,
,127.3,188.4,234.2,Grasp,,
,221.6,290.7,171,Grasp,,
,323.9,393,113.3,Grasp,,
,387.6,495.3,73.1,Grasp,,
,421.3,585.1,43.2,Grasp,,
,438.7,631.5,20.3,Grasp,,
,447.9,655.5,5.2,Grasp,,
,446.6,663.2,0,Grasp,,
,427.4,642.9,0,Grasp,,
,389.4,590.3,0,Grasp,,
,332.1,494.3,0,Grasp,,
,238.7,393.9,0,Grasp,,
,137.1,292.7,0.3,Grasp,,
,73.6,191.3,0.3,Grasp,,
,40.1,102.2,0.3,Grasp,,
,22.9,56,0.3,Grasp,,
,13.8,32.2,0.3,Grasp,,
,8.8,19.6,0.3,Grasp,,
,6,12.6,0.3,Grasp,,
,4.4,7.9,0.3,Grasp,,
,16.7,7.3,102.6,Grasp,,
,15.8,5.4,204.9,Grasp,,
,15.1,4.3,306.9,Grasp,,
,14.9,3.4,409.2,Grasp,,
,14.7,2.7,511.5,Grasp,,
,14.5,2.5,600.2,Grasp,,
,14.4,2.3,646.7,Grasp,,
,15.3,5.7,658.7,Grasp,,
,20.4,23.4,658.7,Grasp,,
,31.4,69.6,658.7,Grasp,,
,35.4,164.3,556.4,Grasp,,
,61.5,266.6,454.1,Grasp,,
,94.5,368.9,351.8,Grasp,,
,146.6,471.2,249.5,Grasp,,
,186.9,573.5,147.2,Grasp,,
,208.7,653.4,58.5,Grasp,,
,219.5,696.1,12,Grasp,,
,224.2,715.5,0,Grasp,,
,221.8,710.9,0,Grasp,,
,211.7,672.1,0,Grasp,,
,194.8,580,0,Grasp,,
,169.3,480.6,0,Grasp,,
,136.8,380.3,0,Grasp,,
,84.9,279.7,0,Grasp,,
,44.6,178.7,0,Grasp,,
,22.8,100,0,Grasp,,
,12.1,58.6,0,Grasp,,
,6.5,37.1,0,Grasp,,
,0,1,0.5,nothing,,
,0,1.2,0.4,nothing,,
,0,1.5,0.3,nothing,,
,0,2,0.2,nothing,,
,0,2.3,0.2,nothing,,
,0,2.3,0.2,nothing,,
,0,2.3,0.2,nothing,,
,0,2.3,0.2,nothing,,
,0.3,2.2,0.2,nothing,,
,0.5,1.6,0.4,nothing,,
,0.8,1.3,0.3,nothing,,
,0.9,1.1,0.4,nothing,,
,1,0.8,0.4,nothing,,
,1,0.3,0.4,nothing,,
,1,0,0.4,nothing,,
,1,0,0.4,nothing,,
,1,0,0.4,nothing,,
,1,0,0.4,nothing,,
,0.7,0,0.4,nothing,,
,0.5,0,0.2,nothing,,
,0.2,0,0.1,nothing,,
,0.1,0,0,nothing,,
,0,0,0,nothing,,
,0,0,0,nothing,,
,0,0,0,nothing,,
,0,0,0,nothing,,
,0,0,0,nothing,,
,0,0,0,nothing,,
,0.1,0,0,nothing,,
,0.1,0,0,nothing,,
,0.1,0,0,nothing,,
,0.1,0,0,nothing,,
,0.1,0,0,nothing,,
,0.1,0,0.3,nothing,,
,0.1,0,0.3,nothing,,
,0.1,0.1,0.3,nothing,,
,0.1,0.1,0.3,nothing,,
,0.3,0.1,0.3,nothing,,
,0.5,0.1,0.3,nothing,,
,0.7,0.1,0.3,nothing,,
,0.9,0.1,0.3,nothing,,
,1.1,0.1,0.3,nothing,,
,1.1,0.1,0.3,nothing,,
,1.2,0.1,0,nothing,,
,1.2,0.1,0.1,nothing,,
,1.2,0,0.2,nothing,,
,1.2,0,0.2,nothing,,
,1,0,0.2,nothing,,
,0.7,0.1,0.2,nothing,,
,0.5,0.9,0.2,nothing,,
,0.3,1.6,0.5,nothing,,
,0.1,1.8,0.7,nothing,,
,0.1,1.9,0.7,nothing,,
,0,1.9,1.2,nothing,,
,0,1.9,1.2,nothing,,
,0,1.9,1.1,nothing,,
,0,1.9,1.1,nothing,,
,0.5,1.9,1.4,nothing,,
,0.5,1.8,1.9,nothing,,
,0.5,1,1.9,nothing,,
,0.5,0.3,1.6,nothing,,
,0.5,0.1,1.4,nothing,,
,0.5,0,1.5,nothing,,
,0.5,0,1,nothing,,
,0.5,0,0.9,nothing,,
,0.5,0,0.9,nothing,,
,0.5,0,0.9,nothing,,
,0,0,0.6,nothing,,
,0,0,0.1,nothing,,
,0,0,0.1,nothing,,
,0,0,0.1,nothing,,
,0,0,0.1,nothing,,
,0,0,0,nothing,,
,0,0,0,nothing,,
,0,0,0,nothing,,
,0,0,0,nothing,,
,0,0,0,nothing,,
,0,0,0,nothing,,
,0,0,0,nothing,,
,0,0,0,nothing,,
,0,0,0,nothing,,
,0,0,0,nothing,,
,0,0,0,nothing,,
,0,0,0,nothing,,
,0,0,0,nothing,,
,0,0,0,nothing,,
,0,0,0.1,nothing,,
,0,0,0.1,nothing,,
,0,0,0.1,nothing,,
,0,0,0.3,nothing,,
,0,0,0.3,nothing,,
,0,0,0.3,nothing,,
,0,0,0.3,nothing,,
,0,0,0.3,nothing,,
,0,0.1,0.3,nothing,,
,0,0.1,0.3,nothing,,
,0,0.1,0.3,nothing,,
,0,0.1,0.6,nothing,,
,0,0.1,0.7,nothing,,
,0,0.1,0.5,nothing,,
,0,0.1,0.5,nothing,,
,0.3,0.1,0.5,nothing,,
,0.8,0.1,0.5,nothing,,
,0.8,0.1,1.2,nothing,,
,0.8,0,1.2,nothing,,
,0.8,0,1.2,nothing,,
,0.8,0,1.1,nothing,,
,0.8,0,0.8,nothing,,
,0.8,0,0.7,nothing,,
,1,0,0.7,nothing,,
,1,0,1,nothing,,
,0.7,0,1,nothing,,
,0.2,0,1,nothing,,
,0.2,0,0.3,nothing,,
,0.2,0,0.3,nothing,,
,0.2,0,0.3,nothing,,
,0.2,0,0.3,nothing,,
,0.2,0,0.3,nothing,,
,0.2,0,0.3,nothing,,
,0,0,0.3,nothing,,
,0,0,0,nothing,,
,0,0,0,nothing,,
,0,0,0,nothing,,
,0,0,0,nothing,,
,0,0,0,nothing,,
,0,0,0,nothing,,
,0,0,0,nothing,,
,0,0,0,nothing,,
,0,0,0,nothing,,
,0,0,0,nothing,,
,0,0,0,nothing,,
,0,0,0,nothing,,
,0,0,0,nothing,,
,0,0,0,nothing,,
,0,0,0,nothing,,
,0,0,0,nothing,,
,0,0,0,nothing,,
,0,0,0,nothing,,
,0,0,0,nothing,,
,0,0,0,nothing,,
,0,0,0.7,nothing,,
,0,0,0.7,nothing,,
,0,0,0.7,nothing,,
,0.2,0,0.7,nothing,,
,0.2,0,0.7,nothing,,
,0.2,0,0.7,nothing,,
,0.2,0,0.8,nothing,,
,0.2,0,1.1,nothing,,
,0.2,0,1.1,nothing,,
,0.2,0.1,1.1,nothing,,
,0.2,0.1,0.4,nothing,,
,0.2,0.1,0.4,nothing,,
,0.3,0.1,0.4,nothing,,
,0.1,0.1,0.4,nothing,,
,0.1,0.1,0.4,nothing,,
,0.1,0.4,0.7,nothing,,
,0.1,0.4,0.7,nothing,,
,0.1,0.4,0.4,nothing,,
,0.1,0.4,0.4,nothing,,
,0.1,0.3,0.4,nothing,,
,0.1,0.3,0.4,nothing,,
,0.1,0.3,0.7,nothing,,
,0.3,0.3,0.7,nothing,,
,0.3,0.3,0.7,nothing,,
,0.4,0.3,0.7,nothing,,
,0.8,0,0.4,nothing,,
,1.5,0,0.3,nothing,,
,1.5,1.3,0.3,nothing,,
,2.3,2.2,0.4,nothing,,
,2.3,2.3,0.5,nothing,,
,2.3,2.3,0.9,nothing,,
,2.3,2.3,0.6,nothing,,
,2,2.3,1.1,nothing,,
,2,2.3,1.1,nothing,,
,1.9,2.3,1.1,nothing,,
,1.5,2.3,1.2,nothing,,
,1.1,2.3,1.2,nothing,,
,1.1,1,2.5,nothing,,
,0.3,0.1,2.5,nothing,,
,0.3,0,2.4,nothing,,
,0.3,0,2,nothing,,
,0.3,0,2,nothing,,
,0.3,0.1,1.5,nothing,,
,0.6,0.7,1.5,nothing,,
,0.6,0.7,1.6,nothing,,
,0.6,0.8,1.5,nothing,,
,0.3,0.8,1.5,nothing,,
,0.3,0.8,0.2,nothing,,
,0.3,0.9,0.1,nothing,,
,0.3,0.9,0.2,nothing,,
,0.4,1,0.2,nothing,,
,0.4,1,0.2,nothing,,
,0.4,1.1,0.2,nothing,,
,0.1,0.5,0.2,nothing,,
,0.1,0.5,0.1,nothing,,
,0.1,0.4,0.1,nothing,,
,0.1,0.4,0.1,nothing,,
,0.1,0.4,0.3,nothing,,
,0.4,0.3,0.8,nothing,,
,0.4,0.3,0.7,nothing,,
,0.3,0.2,0.7,nothing,,
,0.3,0.2,0.8,nothing,,
,0.3,0,0.8,nothing,,
,0.9,0,0.8,nothing,,
,1.6,0,0.8,nothing,,
,1.6,0,1.2,nothing,,
,2.7,0.1,1.2,nothing,,
,2.7,0.1,1,nothing,,
,2.4,0.1,0.5,nothing,,
,2.4,0.1,0.5,nothing,,
,2.4,0.1,0.5,nothing,,
,2.4,0.1,0.4,nothing,,
,2.4,0.1,0.4,nothing,,
,2.1,0.1,0.4,nothing,,
,1.4,0.4,0.4,nothing,,
,1.4,0.4,0,nothing,,
,0.5,0.3,0,nothing,,
,0.6,0.3,0,nothing,,
,0.6,0.3,0,nothing,,
,0.6,0.3,0,nothing,,
,0.5,5.1,0.1,nothing,,
,0.5,4.1,0.1,nothing,,
,0.5,3.1,0.1,nothing,,
,0.5,3.1,0.1,nothing,,
,0.2,2.5,0.1,nothing,,
,0.2,2.1,0.1,nothing,,
,0.1,2.6,0.1,nothing,,
,0.2,2.8,0.1,nothing,,
,0.4,2.9,0.1,nothing,,
,0.3,2.9,0.1,nothing,,
,0.3,3,0,nothing,,
,0.3,2.6,0,nothing,,
,0.3,2.5,0,nothing,,
,0.3,1.9,0,nothing,,
,0.3,1.8,0,nothing,,
,0.3,1.8,0,nothing,,
,0.7,1.3,0.2,nothing,,
,0.6,1.1,0.2,nothing,,
,0.4,1,0.2,nothing,,
,0.4,0.9,0.2,nothing,,
,0.4,0.5,0.2,nothing,,
,0.4,0.4,0.2,nothing,,
,0.5,0.2,0.2,nothing,,
,0.5,0,0.2,nothing,,
,0.5,0,0.2,nothing,,
,0.5,0,0.2,nothing,,
,0.2,0,0,nothing,,
,0.4,0,0,nothing,,
,0.6,0,0,nothing,,
,0.7,0,0,nothing,,
,0.7,0,0,nothing,,
,0.7,0.7,0,nothing,,
,0.6,0.7,0.4,nothing,,
,0.6,0.7,0.4,nothing,,
,0.6,0.7,0.4,nothing,,
,0.9,0.7,0.4,nothing,,
,1.1,0.9,0.4,nothing,,
,0.9,0.9,0.5,nothing,,
,0.7,0.9,0.5,nothing,,
,0.6,0.9,0.5,nothing,,
,0.6,0.9,0.5,nothing,,
,0.6,0.2,0.5,nothing,,
,0.6,0.2,0.1,nothing,,
,0.6,0.2,0.1,nothing,,
,0.6,0.2,0.2,nothing,,
,0.3,0.2,0.2,nothing,,
,0,0,0.6,nothing,,
,0,0,0.5,nothing,,
,0,0,0.5,nothing,,
,0,0,0.5,nothing,,
,0,0,0.8,nothing,,
,0,0,0.8,nothing,,
,0,0,0.8,nothing,,
,0,0,0.8,nothing,,
,0,0,0.7,nothing,,
,0,0,0.7,nothing,,
,0,0,0.3,nothing,,
,0,0,0.4,nothing,,
,0,0.1,0.4,nothing,,
,0.7,1.6,0.4,nothing,,
,1.1,2.3,0.1,nothing,,
,1.1,2.3,0.1,nothing,,
,1.1,2.3,0.1,nothing,,
,1.3,2.3,0.1,nothing,,
,1.5,2.3,0.1,nothing,,
,1.7,3.1,0.1,nothing,,
,1.7,3.4,0.1,nothing,,
,1.7,3.4,0,nothing,,
,1.7,3.3,0,nothing,,
,1,1.8,0,nothing,,
,0.6,1.2,0,nothing,,
,0.6,1.2,0,nothing,,
,0.6,1.7,0.1,nothing,,
,0.7,1.7,0.1,nothing,,
,0.5,1.7,0.1,nothing,,
,0.3,0.9,0.1,nothing,,
,0.3,0.6,0.1,nothing,,
,0.3,0.7,0.1,nothing,,
,0.3,0.8,0.1,nothing,,
,0.3,0.9,0.1,nothing,,
,0.3,0.8,0.1,nothing,,
,0.3,0.8,0.4,nothing,,
,0.4,0.6,0.3,nothing,,
,0.1,0.6,0.3,nothing,,
,0.1,0.6,0.3,nothing,,
,0.2,0.6,0.3,nothing,,
,0.2,0.6,0.3,nothing,,
,0.3,0.5,0.3,nothing,,
,0.3,0.4,0.3,nothing,,
,0.4,0.8,0.3,nothing,,
,0.4,0.8,0.3,nothing,,
,0.4,1,0,nothing,,
,0.3,0.7,0,nothing,,
,0.7,0.8,0,nothing,,
,0.8,0.8,0,nothing,,
,0.7,0.9,0,nothing,,
,0.8,1.2,0,nothing,,
,0.7,1.7,0,nothing,,
,0.7,1.7,0,nothing,,
,0.6,1.2,0,nothing,,
,0.6,1.2,0,nothing,,
,0.6,1,0,nothing,,
,0.6,1,0,nothing,,
,0.2,0.9,0,nothing,,
,0.1,0.9,0,nothing,,
,0.1,0.8,0,nothing,,
,0,0.5,0,nothing,,
,0,0,0,nothing,,
,0,0,0,nothing,,
,0,0,0,nothing,,
,0.3,0,0,nothing,,
,0.3,0.1,0,nothing,,
,1,0.8,0,nothing,,
,1,2.9,0,nothing,,
,1,4.9,0,nothing,,
,1,4.9,0,nothing,,
,1,6.8,0,nothing,,
,1,10.5,1.7,nothing,,
,1,12.9,1.7,nothing,,
,1,13.1,1.7,nothing,,
,0.7,13.1,1.7,nothing,,
,0.7,13,1.8,nothing,,
,22.2,12.3,2.1,tapA,,
,124.5,10.2,2.9,tapA,,
,226.8,10.1,2.9,tapA,,
,329.1,12.2,3.6,tapA,,
,,,,,,